loss,accuracy,val_loss,val_accuracy
0.46308383345603943,0.9523809552192688,0.4849739670753479,0.8999999761581421
